commit_hash,files_changed,lines_added,lines_deleted,message_length,label_bugfix,lines_changed,change_density,is_large_commit,is_small_commit
33850c0ebd23ae615e6823993d441f46d80b1ff0,15.0,601.3999999999996,0.0,44.0,0,601.3999999999996,40.09333333333331,1,0
b15ad394279fc3b7f998fa56857f334a7c0156f6,2.0,36.0,0.0,25.0,0,36.0,18.0,0,0
4ec7d2a0d8eac4f915dc0d38a886cd57045bb0c4,9.0,601.3999999999996,9.0,66.0,0,610.3999999999996,67.82222222222218,1,0
44b42e0fbd93d86e0f4e929bda8e5fb63e81035d,1.0,21.0,0.0,33.0,0,21.0,21.0,0,0
3b36bef2e6165bb4dad73d17f23ee1879e99f497,4.0,198.0,27.0,66.0,0,225.0,56.25,1,0
4aa76212d1be9b17a57249549c2a73fb10b6cda8,6.0,359.0,4.0,52.0,0,363.0,60.5,1,0
625eba4bb403296a8bbc1e72cc9cf4a5126f6c02,1.0,224.0,0.0,36.0,0,224.0,224.0,1,0
4edec48b74dbb9d571e927b69b24c30ec0624975,1.0,98.0,1.0,23.0,0,99.0,99.0,0,0
727c701686c18c4a27ca523eb0c5862d497be24e,5.0,199.0,4.0,42.0,0,203.0,40.6,1,0
a9d4ea81da28ee9c894bf9d45adc4cfa9d52fddc,2.0,86.0,68.0,34.0,0,154.0,77.0,0,0
7d6b8e9ab3e738d69e39ad53a7c0f6a552d5284a,1.0,31.0,5.0,45.0,0,36.0,36.0,0,0
3d719f35f5c1ee4ce3dc01fb2167ef49c0180cf6,13.0,601.3999999999996,10.0,52.0,1,611.3999999999996,47.0307692307692,1,0
9dfab582d065521e9350327801ed2c5ced1c8fa1,1.0,14.0,1.0,14.0,0,15.0,15.0,0,0
8e9bd5f009bb8756a2a7d76a4b792323eeee49d6,1.0,1.0,1.0,12.0,1,2.0,2.0,0,0
4e1b3e1134eb478563bc434d794085d0a412cb84,1.0,3.0,0.0,17.0,0,3.0,3.0,0,0
05f36c7f7e2df36ee28f90d99632162579b1287c,10.0,486.0,44.0,30.0,0,530.0,53.0,1,0
1fff3e598126a084348ec2c112fdd3bc6b9a1ee0,3.0,10.0,8.0,64.0,1,18.0,6.0,0,0
574e81f9c8bbdc41958e1e7a7613633b091101f8,2.0,5.0,2.0,23.0,1,7.0,3.5,0,0
df929c6c77ea5490a969275e45075c29711a498c,1.0,24.0,0.0,30.0,0,24.0,24.0,0,0
8171da88a49eba769d313a51591ee8575be59762,1.0,57.0,0.0,22.0,0,57.0,57.0,0,0
85ca089dde8814c4a42ad4574cddce25d60e5e25,1.0,3.0,2.0,13.0,0,5.0,5.0,0,0
4e7aa9e7f7a86ee0ea4b6801694c13151518cb52,1.0,11.0,8.0,11.0,0,19.0,19.0,0,0
4671429a509094f36e2294055340197091d39979,4.0,48.0,3.0,73.0,0,51.0,12.75,0,0
d78b04a3fca8d8887382606897d4a97e55062fda,1.0,1.0,0.0,27.0,0,1.0,1.0,0,0
6a3a046f55755f0691568431e68a8bfea8d89df0,1.0,5.0,1.0,23.0,0,6.0,6.0,0,0
0b8e01b4450d0ba8cb65751d866568fddc155fa4,1.0,3.0,0.0,13.0,0,3.0,3.0,0,0
03168a5d53457fdb8676a4ac9fca0f76a23c6852,7.0,30.0,89.0,39.0,0,119.0,17.0,0,0
f2dc38cda61f76c64b97ab9f730accc986a4b188,4.0,153.0,4.0,56.0,0,157.0,39.25,0,0
ef524f2cfd65377b3b9ce896e7a710472b13c0f6,1.0,0.0,1.0,30.0,0,1.0,1.0,0,0
03148dba6b26a2694da1d466584f50189c52e7b3,3.0,41.0,12.0,27.0,0,53.0,17.666666666666668,0,0
2f5a4f8dbc832b0daebcd66ea8b3969589191fa7,4.0,127.0,11.0,26.0,1,138.0,34.5,0,0
51c9829a9cdfa2bf301431f686d7a404cc7c5083,3.0,4.0,4.0,31.0,1,8.0,2.6666666666666665,0,0
36071ca1f42a26ef327e9d14e4909a8c92cd4fae,1.0,39.0,0.0,63.0,0,39.0,39.0,0,0
a01e8b49ca66608f0bd46134ff02deeb5724c799,1.0,28.0,4.0,72.0,1,32.0,32.0,0,0
de03143f6ecf9a36dd32f16f07309c64d4de03b0,1.0,74.0,0.0,39.0,0,74.0,74.0,0,0
4affedec356ad8c9e6a107578f03fc7f5c615064,1.0,8.0,0.0,22.0,0,8.0,8.0,0,0
959b5df00431c436474c5abca304e631c0de7721,1.0,2.0,3.0,66.0,0,5.0,5.0,0,0
a42728568e18bedf588be2357b56021ab85b9fad,1.0,4.0,4.0,51.0,0,8.0,8.0,0,0
8009bd986940378bba1399dbfce90d03e441467b,1.0,1.0,1.0,38.0,1,2.0,2.0,0,0
08f1f0dc32004fae01cf96d1eed84e6461e698e5,5.0,197.0,82.0,22.0,0,279.0,55.8,1,0
ca520fb7e4c29afccc637e61c11429a0f3e8d5ad,3.0,15.0,5.0,65.0,0,20.0,6.666666666666667,0,0
2d9bb692728fd76b19e467499caa4f5fcb07aede,1.0,24.0,3.0,61.0,0,27.0,27.0,0,0
c33675f0251071ea47ce166b81ce8c637842f091,7.0,241.0,0.0,83.0,0,241.0,34.42857142857143,1,0
fc94599285aa1aec50b3c9426697249e55edda0a,2.0,26.0,2.0,40.0,0,28.0,14.0,0,0
1d8432ebfd1637eacab79a15e9b7963bf061371c,1.0,1.0,0.0,42.0,0,1.0,1.0,0,0
c4f5c2fb9afc1679c085500830bd53fab93ad885,1.0,1.0,1.0,12.0,1,2.0,2.0,0,0
1246f4088a4fdc00a79f8029ff5d77bfe4fc9b14,9.0,394.0,14.0,72.0,0,408.0,45.333333333333336,1,0
6dd92ae4b32c336564231e10db12458a8b9261ca,7.0,306.0,92.0,22.0,0,398.0,56.857142857142854,1,0
40e0024d7b87150ed694829a5335bd2435962225,3.0,16.0,2.0,85.0,1,18.0,6.0,0,0
7b5015010bc8c2a2d56c7c50b37e5b9facdad102,1.0,11.0,7.0,138.0,1,18.0,18.0,0,0
fb2d2e446bdd806ea3de7b869c7371e2dae57a23,6.0,30.0,29.0,84.0,1,59.0,9.833333333333334,0,0
26f86b1d4954dd7512684130ee803b42eca8d72e,2.0,213.0,8.0,33.0,0,221.0,110.5,1,0
b608785801ce819037cb6cca04c70fd398519c08,1.0,3.0,3.0,17.0,0,6.0,6.0,0,0
61d07b8be9beae54d1c367adfc845dcf30a1512a,1.0,4.0,1.0,43.0,0,5.0,5.0,0,0
f54c4fd04f326d94684c7fcbf12df5cecae653c4,1.0,1.0,1.0,34.0,1,2.0,2.0,0,0
6418551efb1d24320c261b1e24c186d5394e6dcf,2.0,5.0,4.0,15.0,1,9.0,4.5,0,0
7c9303b7502403c372171e1e045433b57259a56b,1.0,2.0,2.0,15.0,1,4.0,4.0,0,0
6d556acb3fcaa6eeff4bda8cf704ad5f0cf5b5ac,2.0,16.0,2.0,61.0,0,18.0,9.0,0,0
5348eff4457a528cd605bbbd5e0152c282819962,1.0,2.0,0.0,13.0,1,2.0,2.0,0,0
855e7e9327c0095f39b34bd56b08aa63c87f9dfd,1.0,31.0,0.0,18.0,0,31.0,31.0,0,0
f769e15fecf6e06c190133d85a3de6b703e4d1a1,2.0,56.0,0.0,21.0,0,56.0,28.0,0,0
aae5de730113e843864c120cc0453efc0a90b49f,2.0,0.0,0.0,11.0,0,0.0,0.0,0,1
0bb8b4f9a1c61fcf473e5ca7a10cc3ed4f30766f,1.0,50.0,0.0,18.0,0,50.0,50.0,0,0
8605cc310d260c3b08160881b09da26c2cc95f8d,1.0,1.0,0.0,18.0,0,1.0,1.0,0,0
9fbf9a062c11904b5022a5aa7941449e31340c32,1.0,1.0,1.0,15.0,0,2.0,2.0,0,0
791cdb28f593d4d7649d88407fcd193834512219,1.0,2.0,2.0,31.0,1,4.0,4.0,0,0
5310fc38227b1907cb541f4a30ea8dfef46c2e19,2.0,34.0,3.0,155.2199999999998,1,37.0,18.5,0,0
b9cae3564ad31876d977c24a09d760e77ca992f3,1.0,127.0,124.0,25.0,0,251.0,251.0,1,0
74862dcbca052ea0a994da3f507c00e9cc18821c,1.0,6.0,0.0,51.0,0,6.0,6.0,0,0
0b9c2b5eb1b604cd76d9252e8e9628df731ea572,1.0,0.0,1.0,28.0,0,1.0,1.0,0,0
fe6c279df12294e590e87705b0ba8728a3ed54c4,1.0,1.0,2.0,18.0,0,3.0,3.0,0,0
325dfa2469f86e03187b6d9e6aee4745b702c496,3.0,40.0,16.0,24.0,0,56.0,18.666666666666668,0,0
b4cd70d054a1514adaed893663cfa22b73114d1e,3.0,47.0,0.0,15.0,0,47.0,15.666666666666666,0,0
42dd94b7565052120423dbd86a5ab0f96938f8cc,1.0,1.0,1.0,12.0,1,2.0,2.0,0,0
bcf347fe8db124242da30b97c7e570f28c273d26,15.0,601.0,352.37999999999965,66.0,0,953.3799999999997,63.558666666666646,1,0
88ea383394b47278779031b47de23fbd5ba89dbe,1.0,4.0,0.0,33.0,0,4.0,4.0,0,0
fdf4d79bdc3a5872e99b4e9c9bc0e29cfd195cb4,2.0,3.0,2.0,24.0,0,5.0,2.5,0,0
764b4e4f7dbe48366d7f01d8bd0c56f4e76b79ee,1.0,1.0,1.0,27.0,0,2.0,2.0,0,0
123a1ad019a842a07a84aace66fd7a33f6f68cb9,8.0,443.0,352.37999999999965,36.0,0,795.3799999999997,99.42249999999996,1,0
42a46ed09b745c0560de354c0cb236295000f296,1.0,4.0,4.0,20.0,1,8.0,8.0,0,0
63593d281b7358a86a808cc0bf5e47107316403d,1.0,0.0,1.0,21.0,0,1.0,1.0,0,0
ab5492418694b5cc14601a953084d61f47785ea4,1.0,2.0,2.0,18.0,1,4.0,4.0,0,0
190059c8f01c6f75243824e765d08a7cce386eda,6.0,187.0,1.0,72.0,0,188.0,31.333333333333332,1,0
bf52a17902cdbc300ee91ec1b2e8d2b7890ba35c,2.0,0.0,2.0,20.0,0,2.0,1.0,0,0
13090389365184fc2291e2cc69fb9b2af5426585,1.0,5.0,3.0,14.0,0,8.0,8.0,0,0
94cf620914615b991063f00314ea1c8da9790c99,1.0,92.0,2.0,24.0,0,94.0,94.0,0,0
100776147a063dcf53f74678b045ac0f5d6386d4,1.0,6.0,0.0,45.0,0,6.0,6.0,0,0
3491465d55f093a498f2f496cd33bebba137518c,1.0,2.0,1.0,26.0,0,3.0,3.0,0,0
0770f5c6375e3e45fa3ac918217df5d885176173,1.0,2.0,3.0,27.0,0,5.0,5.0,0,0
73a47a0db1a181bb305684115d3dacded0c5a58b,1.0,1.0,3.0,51.0,1,4.0,4.0,0,0
ce18d4575dd8468878668d777d83448eeae4fd0d,6.0,115.0,9.0,28.0,0,124.0,20.666666666666668,0,0
976e792336fa6c4696f534ac1d537d2a86a75e72,2.0,8.0,0.0,39.0,0,8.0,4.0,0,0
56675b3bade603a458d01443bda8070ca0489005,1.0,6.0,8.0,32.0,1,14.0,14.0,0,0
166f5ed254d829b2d87fca241e1a22b0a64fff1c,1.0,2.0,1.0,27.0,0,3.0,3.0,0,0
84899948be190a5e180fdccb25e6d7a8498fee7c,1.0,1.0,1.0,31.0,0,2.0,2.0,0,0
a50a87c4ca7f44821e9561ae6b69300b8809c46c,1.0,1.0,1.0,25.0,0,2.0,2.0,0,0
c64a4e0befc0718500c544f5c847d6632b8fb598,7.0,318.0,303.0,49.0,0,621.0,88.71428571428571,1,0
6e2be6a0b3aba4ab49cf3ed1a10ac13c6b771aba,7.0,254.0,9.0,53.0,0,263.0,37.57142857142857,1,0
a99e408bd109783561d408ef34c286cdd9b51845,3.0,119.0,13.0,38.0,0,132.0,44.0,0,0
f878919753a909e45b2d5448aa175f4f9129ff24,1.0,1.0,1.0,24.0,0,2.0,2.0,0,0
3d320176813e87b8dccbbbc807133dfe6ce0bcde,1.0,38.0,0.0,67.0,0,38.0,38.0,0,0
07e515b071e32e1b22e9992cedabeb082a8cde6c,1.0,2.0,1.0,22.0,0,3.0,3.0,0,0
ade490514dd6d83adc7610f69f9c4cd68df47110,4.0,16.0,2.0,119.0,1,18.0,4.5,0,0
36f105c2932af842de5d18899783f33078415c7f,1.0,7.0,3.0,37.0,0,10.0,10.0,0,0
3088a9371e065808fd0091741f62bc242bcab1f9,2.0,33.0,3.0,126.0,1,36.0,18.0,0,0
5acc491c94262912baa30a4cffc780a46b7faf56,1.0,3.0,2.0,112.0,0,5.0,5.0,0,0
95750b3287bfa21fbb706f10a3a9fbcef01c089e,3.0,36.0,6.0,48.0,0,42.0,14.0,0,0
06ec917ddedc618944670b39ccd5f4cb862882b2,1.0,1.0,1.0,73.0,0,2.0,2.0,0,0
50a331307114a641d1d9447453f8fddc52fe680f,1.0,1.0,1.0,23.0,1,2.0,2.0,0,0
4ff9493e5765f3d2c2fd2dd1882791a75ad6fc68,1.0,1.0,1.0,20.0,0,2.0,2.0,0,0
a7ff9dbddd5f861463051601177442e98aae84bf,8.0,58.0,58.0,30.0,0,116.0,14.5,0,0
9f0b2429d638e54cb534b555c393d0770dfc1a8f,1.0,22.0,1.0,87.0,0,23.0,23.0,0,0
1404a85bc554f96bff5463e6eadb14662b945f2e,1.0,3.0,3.0,22.0,1,6.0,6.0,0,0
715f64d2afef0e5b9800f0e0fb0eb9c892e1573a,2.0,32.0,12.0,32.0,0,44.0,22.0,0,0
3a1e51865786474c44a04c0d422515047dd27223,5.0,47.0,11.0,59.0,1,58.0,11.6,0,0
268302fc68c35abd555a8c2d2755f14c96e1401d,1.0,1.0,1.0,24.0,0,2.0,2.0,0,0
9f6bc93e4de36fc209eb1203845e9505df1ca379,2.0,13.0,1.0,155.0,1,14.0,7.0,0,0
3c821a0fa45082bcec73dfb08662fb1de5263c48,6.0,15.0,14.0,35.0,1,29.0,4.833333333333333,0,0
75057bb4112d16acc7ed5dafce6a8168b343fd78,1.0,9.0,10.0,31.0,0,19.0,19.0,0,0
eae44e465b4bdd9440dbfa6e0c5bc45fd2c60ed8,1.0,2.0,2.0,14.0,0,4.0,4.0,0,0
af3b73f70d5fce72181530d384519ae31d77c772,1.0,5.0,9.0,16.0,0,14.0,14.0,0,0
3053fcdb0d6189ad1deca6fcfa16443dad4baf8c,3.0,37.0,17.0,87.0,0,54.0,18.0,0,0
f6b9efc1e9b94382b877c0d1ebe87956b78d012f,1.0,2.0,1.0,24.0,0,3.0,3.0,0,0
260b4dfe61cd35373eb4993453b500e1db71a753,3.0,35.0,2.0,41.0,0,37.0,12.333333333333334,0,0
00f87f679cdd63b642675d86d073882fb8b19430,2.0,3.0,16.0,59.0,0,19.0,9.5,0,0
9cf2ea2abc5243d50c87612714904c6cb033f7cc,1.0,1.0,0.0,27.0,0,1.0,1.0,0,0
5876a8fd96efa01958904ca0796eb4018222bf25,1.0,14.0,17.0,27.0,0,31.0,31.0,0,0
9d340ad7477774a19a7bdffc83d6cb8cb3e05edc,2.0,3.0,2.0,41.0,1,5.0,2.5,0,0
c0d3b6c3710025abb482b30d2f2b6e39a6934fa9,0.0,0.0,0.0,6.0,0,0.0,0.0,0,1
7cf5a9bf6e34fc57f82e560f01c408fbe603e9d4,1.0,3.0,7.0,68.0,0,10.0,10.0,0,0
b6e73305392c9de052e51cca6fae8fee12ae231e,2.0,14.0,2.0,60.0,0,16.0,8.0,0,0
f014ce29a7cd5a3ccfabd61e7d66e017ed958e25,2.0,3.0,2.0,41.0,1,5.0,2.5,0,0
3eacc1d06816b2544e0242665fe909b24b027b21,1.0,3.0,7.0,68.0,0,10.0,10.0,0,0
dbe0df756bf587b242f2406bef9e7e8ef26f0813,2.0,14.0,2.0,60.0,0,16.0,8.0,0,0
7e8019565f79e157fcc13cf285247070d69ef889,1.0,1.0,0.0,34.0,0,1.0,1.0,0,0
d73be4b709ab881ae15b9bd1064b16820f98a51b,0.0,0.0,0.0,28.0,0,0.0,0.0,0,1
3261357ba7f59e2eabeb96127b6253d1466b4db0,6.0,0.0,131.0,61.0,0,131.0,21.833333333333332,0,0
1cb75df8f1f9e7a768254fe2c9e2997f21152665,1.0,1.0,0.0,46.0,0,1.0,1.0,0,0
ebb07a06567d72acf47b3ee5553053216f978305,1.0,1.0,1.0,15.0,0,2.0,2.0,0,0
be15340e0f65e8785aff3033f0b2732ae31c6b81,1.0,5.0,0.0,36.0,0,5.0,5.0,0,0
dc3f13df54ba91649ecec2bdee6c24ca31a400a8,1.0,5.0,3.0,46.0,0,8.0,8.0,0,0
88f671aaaef334caf3231095b119cac094ff5ffb,1.0,42.0,0.0,19.0,0,42.0,42.0,0,0
a862ead5f22f9d4592c1c85bda285a4ded59b631,2.0,20.0,1.0,23.0,0,21.0,10.5,0,0
444e6425312a16589130ff36f2830b6f97fbbd4f,1.0,24.0,16.0,23.0,0,40.0,40.0,0,0
e0148a00c0f468784052926f80e8112be7686470,2.0,66.0,14.0,61.0,0,80.0,40.0,0,0
5c52fe980eda6065edcc39e6dd346636b1c40768,2.0,44.0,6.0,51.0,0,50.0,25.0,0,0
2f181e19496a1fe693d9b20260fe961bb406c53b,1.0,1.0,2.0,37.0,0,3.0,3.0,0,0
67f4b0f31538832f06b9351d15e30c85f449ac7e,2.0,96.0,73.0,135.0,0,169.0,84.5,0,0
c0a9f5d0c4f09dbe8b744609552cbbfa9f14fbc0,2.0,87.0,6.0,50.0,0,93.0,46.5,0,0
ef34638f5d24c07a5582cbb60755fd4dfbec9a79,2.0,22.0,9.0,62.0,1,31.0,15.5,0,0
5144d3b65a564c148e6ea12969303f58d137449b,0.0,0.0,0.0,41.0,0,0.0,0.0,0,1
0da39c76e3c67293aef2234b43aff8728d9002eb,2.0,129.0,0.0,29.0,0,129.0,64.5,0,0
0c54d0a0e5dfec25cd60329e09622d42905d0969,1.0,1.0,0.0,31.0,0,1.0,1.0,0,0
c21caa5047f966aa5f6a3d0e5e4611abd44ae861,0.0,0.0,0.0,41.0,0,0.0,0.0,0,1
85d43079d137c3f15e3ed7a9545ba2db92718194,1.0,158.0,0.0,36.0,0,158.0,158.0,0,0
58fa088abc0f0e511d934e822f917b796d418bb3,1.0,158.0,0.0,36.0,0,158.0,158.0,0,0
a9bb965b6dcd931cefdc7dd05fa4c672b5dff69c,2.0,48.0,0.0,45.0,0,48.0,24.0,0,0
5c9ef2c44dce5afc99a0b3b539ebaafe9b8ce3c5,2.0,4.0,17.0,47.0,0,21.0,10.5,0,0
4395e9493cc33d49b53889f9f726458f05f1a475,2.0,24.0,0.0,51.0,0,24.0,12.0,0,0
36e24299e35cd0c6a593d9eea3130a7737a15eea,0.0,0.0,0.0,41.0,0,0.0,0.0,0,1
3ac4ec670c881668aaedb2c3937bae5e10984988,6.0,130.0,57.0,59.0,0,187.0,31.166666666666668,1,0
d22428bc8e8c3cf5e6006497cb8164decde31924,1.0,4.0,1.0,51.0,0,5.0,5.0,0,0
606b006e2391d12fec5313ce606d82463d7aad07,4.0,5.0,3.0,51.0,1,8.0,2.0,0,0
f419937d2c5f2db16a8157a0a061b92c38876649,1.0,11.0,9.0,22.0,0,20.0,20.0,0,0
41de12984495198423cbce73ac059ccee0fbfd30,0.0,0.0,0.0,41.0,0,0.0,0.0,0,1
4559e4f0f14272fb4fb31f3bf79bf592a9f781df,3.0,164.0,0.0,37.0,0,164.0,54.666666666666664,0,0
13933eeaf8b6c7685aaf1c769efe97763d64ea0d,0.0,0.0,0.0,41.0,0,0.0,0.0,0,1
2ba88eefb54f76fc974181babac07ffc7c1f7e73,1.0,1.0,1.0,17.0,1,2.0,2.0,0,0
36717b02731ad7d86ba8effbe27e70405e48cd9b,4.0,62.0,5.0,58.0,0,67.0,16.75,0,0
31493850de3d7765d09419aa49b98089f79da3c2,1.0,1.0,1.0,51.0,1,2.0,2.0,0,0
f1603d33f266ab24eda604f76632fa604b91e3f9,2.0,10.0,1.0,44.0,1,11.0,5.5,0,0
a9284afde97c30d136e8ec675794c7cdcf4ca277,1.0,4.0,5.0,39.0,1,9.0,9.0,0,0
8d49440d8b881b2df2c10085a58d3a4e4085147e,1.0,19.0,0.0,76.0,1,19.0,19.0,0,0
a7266ffb90d109f94da96e9eea5f5bb4ff8ddc71,1.0,49.0,0.0,43.0,0,49.0,49.0,0,0
eeb0e949518720ff5302bcf336fc72dea44737d0,0.0,0.0,0.0,21.0,1,0.0,0.0,0,1
7e1db5978c3c7aedcb43d7e2036edc85b0a22a6b,1.0,6.0,5.0,44.0,0,11.0,11.0,0,0
75461c1467bbb2d83ee787bb13f4a338a4b8ad3e,3.0,7.0,1.0,34.0,0,8.0,2.6666666666666665,0,0
36f659b82b9079ec8492c1b52a0c0b058ebdf2eb,0.0,0.0,0.0,63.0,0,0.0,0.0,0,1
d0eefb01d16bd058172363a9847b5d98ccd1abc9,1.0,3.0,0.0,52.0,0,3.0,3.0,0,0
9248a7baca5bc616a60f9b63b525e872fbfddef2,1.0,1.0,4.0,49.0,1,5.0,5.0,0,0
ce53d10236279e4798365d991ab4ff838cb16d36,0.0,0.0,0.0,41.0,0,0.0,0.0,0,1
dffb3d091c0e42b7254fe88218811c24c0054f7e,2.0,3.0,4.0,40.0,0,7.0,3.5,0,0
f345af8d9d33e6164747c865c29a72186a470c22,1.0,3.0,3.0,34.0,0,6.0,6.0,0,0
9da5795d79196e13d802915509180118809042a7,0.0,0.0,0.0,41.0,0,0.0,0.0,0,1
67fc46526234653b0a519e9f1e8a05a2c40c80f8,2.0,12.0,9.0,59.0,1,21.0,10.5,0,0
720bede150d835be0ffedf4d480482552c90908d,0.0,0.0,0.0,41.0,0,0.0,0.0,0,1
bc0c0559e384dc88441775a3907487f4a2b515b4,9.0,390.0,0.0,20.0,0,390.0,43.333333333333336,1,0
a921aef6c47cecbacef5173f03c07c52e6bc8fea,2.0,10.0,1.0,50.0,1,11.0,5.5,0,0
a76aabc7f07c06bd155aace787ed811961aacaa7,0.0,0.0,0.0,41.0,0,0.0,0.0,0,1
f6da77e894a939b838e02fb744fa3031abfc96ec,1.0,2.0,2.0,36.0,1,4.0,4.0,0,0
7f837901cb9b3ba7d68ea0a983d86dfc508a9c6d,0.0,0.0,0.0,41.0,0,0.0,0.0,0,1
745638e774063de206aae930df71789de13e7c73,2.0,41.0,2.0,77.0,1,43.0,21.5,0,0
b93ec1465be95a8303cbed99589273f562928103,1.0,2.0,0.0,36.0,0,2.0,2.0,0,0
da8f88a22eab8195e48fa4ef63c6a3195c860eb0,9.0,0.0,352.37999999999965,62.0,0,352.37999999999965,39.15333333333329,1,0
de909b3bdfcebe6bb56e0910ab9f36ad741b68f2,0.0,0.0,0.0,41.0,0,0.0,0.0,0,1
34e3d64892f2281aa1b6f6357c345b0a357ee51a,3.0,2.0,352.0,68.0,0,354.0,118.0,1,0
4156bd412f2c27359844fbacdae1eb4983c94b8b,2.0,4.0,0.0,21.0,0,4.0,2.0,0,0
2d87e9bc37ef1ce8f9068fac92783a4fe3d3d382,4.0,161.0,2.0,27.0,0,163.0,40.75,0,0
5bb2b55a2880b3c91dbcd6580f3d25ee23c6655c,1.0,2.0,0.0,45.0,0,2.0,2.0,0,0
f80e1d3b5ab8e718cc67c814cbfd9aee9c95f45f,1.0,7.0,0.0,33.0,0,7.0,7.0,0,0
9fa4f94ad885ea98bad8708da6e3e9d15130bb4d,0.0,0.0,0.0,98.0,0,0.0,0.0,0,1
b0ab127015186e1a2918221ffad8d79ca346faf5,6.0,106.0,132.0,26.0,0,238.0,39.666666666666664,1,0
e0fa5aec3a13d9c3e8e27b53526fcee56ac0298d,1.0,1.0,1.0,23.0,0,2.0,2.0,0,0
07581b2404924fe1833f596cfa09caf69868ad5b,2.0,6.0,1.0,15.0,0,7.0,3.5,0,0
f4269b1fe7fe4c17a99bc7ca0dddafd17bed14e9,1.0,0.0,0.0,28.0,0,0.0,0.0,0,1
e409bc792d4419ed588afbc60c53b61923c415a7,1.0,1.0,1.0,10.0,1,2.0,2.0,0,0
93a8ca02822d07cd9f13495f53d27ab22e9adf3a,5.0,17.0,17.0,39.0,1,34.0,6.8,0,0
a5a41d40aaa9f6ed70b487133ddaf48ceb3d054f,1.0,1.0,1.0,9.0,1,2.0,2.0,0,0
693e4449f87950c764a928690f4437fd6b1b4d7d,1.0,2.0,2.0,9.0,1,4.0,4.0,0,0
35ed617fe41b184288892f733ce07d94391b76b1,3.0,60.0,4.0,55.0,1,64.0,21.333333333333332,0,0
931dcc4c80331d372d70d7a0a5c8e6d49223e2bf,5.0,202.0,1.0,42.0,1,203.0,40.6,1,0
b18560fcaa1739c81ff273951ebc6fa3c96fda2b,1.0,1.0,1.0,8.0,0,2.0,2.0,0,0
c6e6792cd52022add8455fc792b2ca73c62d3d65,1.0,4.0,0.0,34.0,1,4.0,4.0,0,0
8c26bec55c13804a01c11931263c9e9e4dab4afb,1.0,5.0,0.0,44.0,0,5.0,5.0,0,0
e7f67e13339073007a84271cce91200bfdb81006,3.0,132.0,10.0,22.0,0,142.0,47.333333333333336,0,0
ea5e654e9e19aab5089f9a71e679bcca11581e86,9.0,307.0,11.0,43.0,0,318.0,35.333333333333336,1,0
267f5f5c82a1ec9966bfb4e1e0c3f7cc4c80ed12,3.0,80.0,0.0,39.0,1,80.0,26.666666666666668,0,0
54c3df60cd533ea80d347f6715ee84f6a560b5d5,1.0,2.0,2.0,24.0,1,4.0,4.0,0,0
7bb0e33a687b3498c401a8dbcf7864d543a1817a,1.0,7.0,5.0,31.0,0,12.0,12.0,0,0
b26aeba972686b9cb9a9b111e1bc8997e1f259c8,1.0,2.0,1.0,16.0,1,3.0,3.0,0,0
e84140aba2786655bbddcedb363d16de1e285441,1.0,39.0,11.0,33.0,0,50.0,50.0,0,0
c4cac0abc1a04710a25dcfc8d7f1b2de173546a8,3.0,124.0,10.0,31.0,0,134.0,44.666666666666664,0,0
395ff8120ccf055614d03db7d2360ab1182c7c10,1.0,2.0,2.0,9.0,1,4.0,4.0,0,0
e52f073e3e76a88e24a8a63eb5491dfc6e537a40,0.0,0.0,0.0,51.0,0,0.0,0.0,0,1
854e0e26d16408760072308c44b9160a9fb39abd,3.0,9.0,3.0,48.0,1,12.0,4.0,0,0
a5421c29acb6bfbd095dbeb4c8180a61bd1d4dab,1.0,15.0,0.0,32.0,0,15.0,15.0,0,0
cbcd15c3b55cfb05f1b27aa2343f909876f8d3d4,7.0,98.0,41.0,55.0,0,139.0,19.857142857142858,0,0
aa654128cf72e5a16a480eb59fc1ad551d39f5d9,1.0,36.0,0.0,16.0,0,36.0,36.0,0,0
664c64e0aafeb828911e97d31077c913ae2dd79a,0.0,0.0,0.0,51.0,0,0.0,0.0,0,1
cc8332e9d99c08b77614e5acd7bd0e6d08dc29b6,5.0,80.0,5.0,43.0,1,85.0,17.0,0,0
9d98ad5e079b88fd9da87e47d55a11e465ab6bb0,1.0,33.0,0.0,40.0,1,33.0,33.0,0,0
ef0dc1800f7558abbefe070f361b97b9161b2452,8.0,215.0,75.0,48.0,1,290.0,36.25,1,0
6c095deda51efb34cd18bd23411ebd6f2a0cdfe0,1.0,2.0,2.0,32.0,1,4.0,4.0,0,0
133920c83bf78db17631b637b8b2ffabcb26f3d4,1.0,1.0,1.0,17.0,1,2.0,2.0,0,0
7829e6ec98f9c84159dcb2aa9fb210b88d97dd33,1.0,1.0,1.0,99.0,0,2.0,2.0,0,0
9d19b77acf413de77b39ed1c6d972fb1e5fef1c3,15.0,147.0,3.0,82.0,1,150.0,10.0,0,0
58285b61fffa1113701686c6bcdbf54ef529e440,0.0,0.0,0.0,51.0,0,0.0,0.0,0,1
1264c458ae808d306aa03c51f70103e52dca107b,1.0,13.0,0.0,55.0,1,13.0,13.0,0,0
74d458b40c0bdb140e7feab9af407642eb3dcea1,1.0,2.0,0.0,29.0,0,2.0,2.0,0,0
8d356d7cda963e2fa6437c5a5fef035e13cc80c5,4.0,4.0,4.0,42.0,1,8.0,2.0,0,0
e432d833b5f7b4c27e2dca5d5125bbf78a46327d,1.0,0.0,1.0,19.0,1,1.0,1.0,0,0
68278fd78e15e3ef6a591f3f2b6cc700d1e4d6dd,1.0,39.0,11.0,33.0,0,50.0,50.0,0,0
4d16486132c349cdc7d473ef3c238dfa3f9d5385,3.0,124.0,10.0,31.0,0,134.0,44.666666666666664,0,0
35fd6eb22c4dec893770dd5720a51608a06fb8cd,2.0,40.0,31.0,48.0,0,71.0,35.5,0,0
672eaf7abf1452750688eeb4e294aca22cd3272a,0.0,0.0,0.0,123.0,0,0.0,0.0,0,1
99c6287ce2319224f3a188f75641a9443466ab85,3.0,5.0,5.0,23.0,0,10.0,3.3333333333333335,0,0
78fc9949aa7055f2e14825cec3c28bc35c42700f,0.0,0.0,0.0,41.0,0,0.0,0.0,0,1
182ee31503ea8a9eefd0d7063bd7fbdde991e13b,5.0,183.0,8.0,26.0,0,191.0,38.2,1,0
02b916d509422a4703df5110110686288666d3d5,2.0,74.0,0.0,24.0,0,74.0,37.0,0,0
dfecc86dd315586bec8f5f0838195d03ba7165d3,15.0,122.0,39.0,56.0,0,161.0,10.733333333333333,0,0
ce6e4cbd73d57cb8c1bba85c46490f71061f865f,9.0,17.0,17.0,33.0,0,34.0,3.7777777777777777,0,0
d29a9765a5b7014d3a52272f80ee90f4d98cf799,1.0,6.0,1.0,14.0,0,7.0,7.0,0,0
4ca1d0a2ed7639d3f1d2e466a777f7e6b0e8aa0a,1.0,1.0,1.0,15.0,0,2.0,2.0,0,0
6913dc173303de9534c32d716c22b7f371ab6303,1.0,1.0,0.0,29.0,0,1.0,1.0,0,0
6cb0855e2dd181df5353fc1be9b437c7bc92eb2f,3.0,29.0,1.0,58.0,1,30.0,10.0,0,0
9959ddd3da09f619d467891b194389851cf50367,1.0,0.0,5.0,24.0,0,5.0,5.0,0,0
dba42ae968a1cfa6cc6a3ead99ded554a710f041,1.0,1.0,0.0,21.0,0,1.0,1.0,0,0
8e4bcaf57630b5449999594063ffe8dc104e316a,2.0,10.0,1.0,19.0,1,11.0,5.5,0,0
63caf6e15882292832485372cd86b8265a007f92,1.0,3.0,3.0,15.0,1,6.0,6.0,0,0
a224fecfd57a77c3f7279102dcc0b332a6858065,9.0,24.0,24.0,16.0,1,48.0,5.333333333333333,0,0
7a4b6088395387abe4127c9650f9cbaac11a0ec4,2.0,34.0,1.0,53.0,1,35.0,17.5,0,0
50bca8c2d34b4b31ffcc98f6ced44b18de3c78b0,3.0,14.0,0.0,51.0,0,14.0,4.666666666666667,0,0
a6617f44c0416c6877d930b312e1f64df08eca0e,1.0,10.0,0.0,45.0,1,10.0,10.0,0,0
707b30749daf407c07b5b265bd892564576ad80a,2.0,10.0,2.0,33.0,1,12.0,6.0,0,0
ee69fb58906818f50a2afe71e4ecde7af96b791a,3.0,278.0,1.0,42.0,0,279.0,93.0,1,0
216472b43dbb2c2501ab7f8b3e5ae861a082db3f,1.0,1.0,1.0,35.0,1,2.0,2.0,0,0
33e7f2b990e3889d6aa9cffef4a4c9d7d0923698,2.0,45.0,0.0,58.0,1,45.0,22.5,0,0
b4d576bce249322605094525491ccba091704a35,0.0,0.0,0.0,51.0,0,0.0,0.0,0,1
937360877bd425543e06decd68a62e086b78bf6b,1.0,3.0,0.0,45.0,0,3.0,3.0,0,0
bc00fd1e83f23f57dd6a765b6a4bab2394584ae6,5.0,111.0,3.0,155.2199999999998,1,114.0,22.8,0,0
9983e847425621b5e474ae9da6822f1af0b0cc1f,3.0,51.0,24.0,89.0,1,75.0,25.0,0,0
1ffa295d933c7e0cd1ee14c1592c40f72b9f22bb,1.0,11.0,3.0,65.0,0,14.0,14.0,0,0
f904ef27d3d1f4e03972c34858787294c74c164f,1.0,1.0,1.0,72.0,1,2.0,2.0,0,0
12c2cb5e12895a0d16b37b7a9e9a96d69a34c36e,1.0,1.0,1.0,39.0,0,2.0,2.0,0,0
cc7876f97fbc787ac7702453bdc62541f8ea47f6,1.0,1.0,1.0,93.0,1,2.0,2.0,0,0
e67903d134039b2452b2a3806e10451491ce768d,1.0,1.0,1.0,55.0,1,2.0,2.0,0,0
e7a9df784c9edee7742052aadacc2389bf21230c,1.0,1.0,1.0,27.0,0,2.0,2.0,0,0
2fb09d07f29aaacac3afd6b64c997e761a292864,1.0,1.0,1.0,30.0,0,2.0,2.0,0,0
7dae84f0027945bac29b45b63fdc0f795a5a813a,1.0,12.0,11.0,155.2199999999998,0,23.0,23.0,0,0
88a031ab24b0e7e2a5190f9e48f80f2b21aba1a0,1.0,1.0,1.0,56.0,0,2.0,2.0,0,0
e3de5e6ca39e024874cb465c9047b65373d73b64,1.0,1.0,1.0,35.0,0,2.0,2.0,0,0
51a5add86d0fa9889b69d51d45d06a2ac4c5df9f,1.0,21.0,21.0,71.0,1,42.0,42.0,0,0
06ed3e1e8888b73794876d39a53382eb45a54fe2,1.0,1.0,1.0,59.0,0,2.0,2.0,0,0
f5fb4576577cbedcedba9eb16d9fdace18c9292c,3.0,12.0,0.0,36.0,1,12.0,4.0,0,0
ca0aa9533f7c3a925f1115581872793bdf34bb34,2.0,163.0,0.0,40.0,0,163.0,81.5,0,0
235d693bfc5633aae310ab3dc35e86c8892a0b2b,2.0,3.0,1.0,20.0,1,4.0,2.0,0,0
5a5a4a85bf1cfe783e7009d463aa16368dd5c92f,2.0,118.0,73.0,34.0,1,191.0,95.5,1,0
d02d01adaa5754ad694b3fee7e32aaa19a502054,1.0,1.0,1.0,18.0,1,2.0,2.0,0,0
1762ea5a2bee7539381c701c4d1534c4af9c2e37,2.0,2.0,2.0,19.0,1,4.0,2.0,0,0
54d22f1c5537c957ed555c20e6cd8198346289e5,1.0,1.0,1.0,41.0,1,2.0,2.0,0,0
9ecb9edc0644e9c40a0089d680783df5dbffb3d7,3.0,3.0,4.0,5.0,0,7.0,2.3333333333333335,0,0
3e2a2114fd952b489515b63ca0cfa9899455583a,1.0,2.0,2.0,12.0,0,4.0,4.0,0,0
223d44dca8e28c95ffb841118b93b1d36bf9b092,0.0,0.0,0.0,51.0,0,0.0,0.0,0,1
41f5ad9b1539410507455db6df1424d1a7215b05,2.0,0.0,0.0,12.0,0,0.0,0.0,0,1
540eca16f8a5963a74298f3630523fd9ad49187a,4.0,9.0,9.0,87.0,1,18.0,4.5,0,0
33a035bb0ec07a4ca92f1397e7caeb7714c57bd6,3.0,138.0,1.0,23.0,0,139.0,46.333333333333336,0,0
52f38bbf8bee2f7b5aa4fe708dc304cb590d3a0b,1.0,2.0,2.0,23.0,1,4.0,4.0,0,0
20c2e53893c202a4555bd7390672ee948fa6b1e0,2.0,6.0,6.0,25.0,0,12.0,6.0,0,0
ea72e272a677365a60f1c412f91ebfac58ba13bb,1.0,1.0,1.0,22.0,1,2.0,2.0,0,0
f66c252e47c63d7961b8d2c00acdf5aed11eb851,1.0,1.0,1.0,4.0,0,2.0,2.0,0,0
